{
    "Modules": {
        "...MASTER...": {
            "nQuads": 0,
            "start_perf": [
                0.22365808486938477,
                0.16667299999999999,
                0.060608000000000002,
                271536,
                284368,
                1703576882.9836071,
                144905355765313
            ],
            "child_modules": {
                "std": 1,
                "srt2_tb": 1
            },
            "end_perf": [
                0.23039793968200684,
                0.16667299999999999,
                0.063576999999999995,
                273084,
                284368,
                144905375999317,
                0,
                0
            ],
            "nMops": 0,
            "nRouts": 5
        },
        "std": {
            "start_perf": [
                0.23055315017700195,
                0.16667299999999999,
                0.063733999999999999,
                273084,
                284368,
                1703576882.9905021,
                144905376445507
            ],
            "nQuads": 218,
            "child_modules": {},
            "svclass": [
                "$vcs_nba_dyn_obj",
                0,
                35,
                2,
                2,
                0,
                "sigprop$$",
                0,
                35,
                2,
                2,
                0,
                "process",
                0,
                200,
                8,
                8,
                0,
                "event",
                0,
                34,
                2,
                2,
                0,
                "mailbox",
                0,
                140,
                9,
                9,
                0,
                "semaphore",
                0,
                84,
                5,
                5,
                0
            ],
            "Compiled": "Yes",
            "end_perf": [
                0.23374509811401367,
                0.16667299999999999,
                0.066924999999999998,
                273100,
                284368,
                144905386041547,
                8589934594,
                0
            ],
            "nRouts": 33,
            "Compiled Times": 9,
            "nMops": 528
        },
        "top": {
            "nQuads": 8179,
            "start_perf": [
                0.23380398750305176,
                0.16667299999999999,
                0.066985000000000003,
                273100,
                284368,
                1703576882.993753,
                144905386140997
            ],
            "child_modules": {},
            "end_perf": [
                0.28856301307678223,
                0.21998300000000001,
                0.068305000000000005,
                277248,
                284368,
                144905550223957,
                94489280513,
                0
            ],
            "Compiled": "Yes",
            "nRouts": 858,
            "Compiled Times": 7,
            "nMops": 27964
        },
        "srt2_tb": {
            "start_perf": [
                0.28863811492919922,
                0.21998300000000001,
                0.068426000000000001,
                277248,
                284368,
                1703576883.0485871,
                144905550336877
            ],
            "nQuads": 5622,
            "significant_routs": [
                [
                    8,
                    "R_VCSgd_p6rnh_8",
                    5510160,
                    4473,
                    540
                ]
            ],
            "child_modules": {
                "top": 1
            },
            "Compiled": "Yes",
            "end_perf": [
                0.3280789852142334,
                0.25265399999999999,
                0.075193999999999997,
                279524,
                284368,
                144905668530307,
                103079215105,
                0
            ],
            "nRouts": 264,
            "Compiled Times": 7,
            "nMops": 12174
        }
    },
    "reusePaths": {
        "amcQw_d": {
            "icPath": "csrc"
        },
        "reYIK_d": {
            "icPath": "csrc"
        },
        "Emx8S_d": {
            "icPath": "csrc"
        }
    },
    "CompUnits": {
        "p6rnh_d": {
            "mod": "srt2_tb",
            "out": "p6rnh_d.o",
            "mode": 4,
            "text": 67888,
            "bytes": 137538,
            "checksum": 0,
            "archive": "archive.8/_75694_archive_1.a"
        }
    },
    "ObjArchives": [
        {
            "archive": "archive.8/_75694_archive_1.a",
            "objects": [
                [
                    "p6rnh_d.o",
                    137538
                ],
                [
                    "amcQwB.o",
                    122700
                ]
            ],
            "size": 260238
        }
    ],
    "stat": {
        "ru_childs_end": {
            "ru_nivcsw": 8,
            "ru_nvcsw": 18,
            "ru_minflt": 6391,
            "ru_utime_sec": 0.0087609999999999997,
            "ru_stime_sec": 0.020132000000000001,
            "ru_maxrss_kb": 26448,
            "ru_majflt": 0
        },
        "ru_self_end": {
            "ru_nivcsw": 19,
            "ru_nvcsw": 22,
            "ru_minflt": 29505,
            "ru_utime_sec": 0.25579499999999999,
            "ru_stime_sec": 0.078242999999999993,
            "ru_maxrss_kb": 88656,
            "ru_majflt": 0
        },
        "cpu_cycles_end": 144905686945927,
        "peak_mem_kb": 284368
    }
}